Top pages,Clicks,Impressions,CTR,Position
https://alma-enterprises.co.uk/,12,886,1.35%,44.78
https://alma-enterprises.co.uk/contact/,2,42,4.76%,17.79
https://alma-enterprises.co.uk/services/house-clearance/cockermouth,2,10,20%,6.8
https://alma-enterprises.co.uk/about-us/,1,120,0.83%,4.69
https://alma-enterprises.co.uk/services/house-clearance/haverigg,1,111,0.9%,5.55
https://alma-enterprises.co.uk/services/house-clearance/coniston/,1,98,1.02%,10.38
https://alma-enterprises.co.uk/services/house-clearance/millom/,1,39,2.56%,38.26
https://alma-enterprises.co.uk/services/loft-clearance/cockermouth/,1,20,5%,26.9
https://alma-enterprises.co.uk/services/garage-clearance/kendal/,1,19,5.26%,2.84
https://alma-enterprises.co.uk/services/house-clearance/whitehaven/,1,18,5.56%,28.56
https://alma-enterprises.co.uk/services/garage-clearance/barrow-in-furness/,1,17,5.88%,49.59
https://alma-enterprises.co.uk/sedbergh/,1,14,7.14%,63.79
https://alma-enterprises.co.uk/services/,1,12,8.33%,13
https://alma-enterprises.co.uk/services/hoarder-clearance/grange-over-sands,1,11,9.09%,6.45
https://alma-enterprises.co.uk/house-clearance-windermere,1,10,10%,6.2
https://alma-enterprises.co.uk/services/garage-clearance/cockermouth/,1,9,11.11%,4.56
https://alma-enterprises.co.uk/services/loft-clearance/hayton/,1,6,16.67%,29.67
https://alma-enterprises.co.uk/services/house-clearance/egremont/,1,4,25%,6.25
https://alma-enterprises.co.uk/services/house-clearance/wigton/,1,4,25%,8
https://alma-enterprises.co.uk/services/house-clearance/cleator-moor/,1,3,33.33%,4.67
https://alma-enterprises.co.uk/services/end-of-tenancy-clearance/burton-in-kendal/,1,2,50%,2
https://alma-enterprises.co.uk/services/hoarder-clearance/flookburgh,1,2,50%,5
https://alma-enterprises.co.uk/services/hoarder-clearance/burton-in-kendal/,1,2,50%,8.5
https://alma-enterprises.co.uk/services/garage-clearance/seascale/,1,2,50%,12
https://alma-enterprises.co.uk/attic-clearance-hayton,1,1,100%,1
https://alma-enterprises.co.uk/services/garage-clearance/kirkby-stephen/,1,1,100%,1
https://alma-enterprises.co.uk/services/hoarder-clearance/la11,1,1,100%,1
https://alma-enterprises.co.uk/services/probate-clearance/ca19/,1,1,100%,1
https://alma-enterprises.co.uk/services/bereavement-clearance/burton-in-kendal/,1,1,100%,2
https://alma-enterprises.co.uk/services/probate-clearance/keswick/,1,1,100%,3
https://alma-enterprises.co.uk/services/hoarder-clearance/endmoor/,1,1,100%,9
https://alma-enterprises.co.uk/services/probate-clearance/ca22,1,1,100%,10
https://alma-enterprises.co.uk/services/loft-clearance/stainton/,1,1,100%,69
https://alma-enterprises.co.uk/services/house-clearance/dalton-in-furness/,0,154,0%,19.42
https://alma-enterprises.co.uk/services/commercial-clearance/grange-over-sands/,0,96,0%,29.58
https://alma-enterprises.co.uk/services/house-clearance/askam-in-furness/,0,82,0%,3.11
https://alma-enterprises.co.uk/services/commercial-clearance/lancaster/,0,71,0%,29.55
https://alma-enterprises.co.uk/services/house-clearance/cumbria/,0,69,0%,37.46
https://alma-enterprises.co.uk/services/house-clearance/swarthmoor,0,62,0%,3.84
https://alma-enterprises.co.uk/services/garage-clearance/haverigg/,0,59,0%,15.88
https://alma-enterprises.co.uk/services/loft-clearance/lancaster/,0,56,0%,58.45
https://alma-enterprises.co.uk/services/house-clearance/haverigg/,0,53,0%,6.57
https://alma-enterprises.co.uk/services/probate-clearance/thornhill/,0,53,0%,13.77
https://alma-enterprises.co.uk/services/hoarder-clearance/milnthorpe/,0,52,0%,70.96
https://alma-enterprises.co.uk/services/house-clearance/kirkby-in-furness/,0,49,0%,12.88
https://alma-enterprises.co.uk/services/probate-clearance/lancaster,0,48,0%,59.83
https://alma-enterprises.co.uk/services/commercial-clearance/morecambe/,0,47,0%,26.96
https://alma-enterprises.co.uk/services/house-clearance/broughton-in-furness,0,46,0%,3.61
https://alma-enterprises.co.uk/services/house-clearance/millom,0,45,0%,4.84
https://alma-enterprises.co.uk/services/house-clearance/kirkby-in-furness,0,44,0%,2.86
https://alma-enterprises.co.uk/services/hoarder-clearance/holme/,0,44,0%,41.23
https://alma-enterprises.co.uk/services/probate-clearance/la18/,0,42,0%,82.07
https://alma-enterprises.co.uk/services/house-clearance/,0,41,0%,18.78
https://alma-enterprises.co.uk/probate-clearance/,0,41,0%,24.73
https://alma-enterprises.co.uk/services/house-clearance/barrow-in-furness/,0,40,0%,17.1
https://alma-enterprises.co.uk/services/house-clearance/swarthmoor/,0,38,0%,3.05
https://alma-enterprises.co.uk/services/commercial-clearance/carlisle/,0,38,0%,15.45
https://alma-enterprises.co.uk/services/loft-clearance/ulverston/,0,38,0%,23.71
https://alma-enterprises.co.uk/services/probate-clearance/workington/,0,38,0%,70.71
https://alma-enterprises.co.uk/services/bereavement-clearance/lancaster/,0,37,0%,53.24
https://alma-enterprises.co.uk/services/house-clearance/ulverston/,0,36,0%,20.06
https://alma-enterprises.co.uk/services/hoarder-clearance,0,34,0%,54.5
https://alma-enterprises.co.uk/services/house-clearance/bowness-on-windermere/,0,33,0%,8.91
https://alma-enterprises.co.uk/services/house-clearance/arnside/,0,33,0%,18.88
https://alma-enterprises.co.uk/services/house-clearance/great-broughton/,0,33,0%,40.45
https://alma-enterprises.co.uk/services/garage-clearance/wigton/,0,33,0%,42.3
https://alma-enterprises.co.uk/services/garage-clearance/grasmere/,0,30,0%,13.47
https://alma-enterprises.co.uk/services/hoarder-clearance/coniston/,0,29,0%,43.97
https://alma-enterprises.co.uk/services/house-clearance/windermere/,0,28,0%,12.07
https://alma-enterprises.co.uk/services/hoarder-clearance/ca5/,0,27,0%,48.33
https://alma-enterprises.co.uk/services/probate-clearance/sedbergh/,0,26,0%,80.81
https://alma-enterprises.co.uk/services/house-clearance/windermere,0,25,0%,8.44
https://alma-enterprises.co.uk/services/house-clearance/dalston/,0,25,0%,16.16
https://alma-enterprises.co.uk/services/hoarder-clearance/grange-over-sands/,0,25,0%,25.36
https://alma-enterprises.co.uk/bereavement-house-clearance-lancaster,0,25,0%,55
https://alma-enterprises.co.uk/services/hoarder-clearance/carnforth/,0,25,0%,73.52
https://alma-enterprises.co.uk/services/hoarder-clearance/carlisle/,0,24,0%,23.42
https://alma-enterprises.co.uk/services/garage-clearance/abbeytown/,0,24,0%,48.92
https://alma-enterprises.co.uk/services/house-clearance/burgh-by-sands/,0,24,0%,82.92
https://alma-enterprises.co.uk/services/hoarder-clearance/lancaster/,0,23,0%,35.48
https://alma-enterprises.co.uk/services/probate-clearance/la22/,0,23,0%,83.52
https://alma-enterprises.co.uk/services/commercial-clearance/broughton-in-furness/,0,22,0%,57.77
https://alma-enterprises.co.uk/services/probate-clearance/parton/,0,22,0%,88.09
https://alma-enterprises.co.uk/recycling-reuse-policy/,0,21,0%,17.9
https://alma-enterprises.co.uk/services/house-clearance/carnforth/,0,21,0%,18.86
https://alma-enterprises.co.uk/services/house-clearance/lancaster/,0,21,0%,22.43
https://alma-enterprises.co.uk/services/commercial-clearance/milnthorpe/,0,21,0%,48.95
https://alma-enterprises.co.uk/services/commercial-clearance/ulverston/,0,21,0%,54.19
https://alma-enterprises.co.uk/broughton-moor/,0,20,0%,37
https://alma-enterprises.co.uk/terms-and-conditions/,0,19,0%,5.47
https://alma-enterprises.co.uk/services/garage-clearance/carlisle/,0,19,0%,9.79
https://alma-enterprises.co.uk/services/commercial-clearance/kirkby-lonsdale/,0,19,0%,15.58
https://alma-enterprises.co.uk/services/probate-clearance/kirkby-stephen/,0,19,0%,77.84
https://alma-enterprises.co.uk/services/house-clearance/ambleside/,0,18,0%,9.17
https://alma-enterprises.co.uk/services/house-clearance/grange-over-sands/,0,18,0%,11.39
https://alma-enterprises.co.uk/services/probate-clearance/ca18/,0,18,0%,61.5
https://alma-enterprises.co.uk/services/garage-clearance/thornhill/,0,18,0%,76.06
https://alma-enterprises.co.uk/services/house-clearance/coniston,0,17,0%,7.71
https://alma-enterprises.co.uk/services/house-clearance/lancaster,0,17,0%,17.59
https://alma-enterprises.co.uk/services/probate-clearance/lancaster/,0,17,0%,57.71
https://alma-enterprises.co.uk/services/end-of-tenancy-clearance/gosforth/,0,16,0%,6.19
https://alma-enterprises.co.uk/services/garage-clearance/kendal,0,15,0%,1.8
https://alma-enterprises.co.uk/services/house-clearance/broughton-in-furness/,0,15,0%,3.33
https://alma-enterprises.co.uk/services/garage-clearance/carlisle,0,15,0%,8.53
https://alma-enterprises.co.uk/services/probate-clearance/penrith,0,15,0%,18.73
https://alma-enterprises.co.uk/services/probate-clearance/distington,0,15,0%,20.87
https://alma-enterprises.co.uk/services/probate-clearance/high-harrington,0,15,0%,38.27
https://alma-enterprises.co.uk/services/loft-clearance/crosby/,0,15,0%,52
https://alma-enterprises.co.uk/services/bereavement-clearance/flookburgh/,0,15,0%,61.87
https://alma-enterprises.co.uk/services/probate-clearance/alston/,0,15,0%,85.33
https://alma-enterprises.co.uk/services/commercial-clearance/appleby-in-westmorland/,0,14,0%,7.36
https://alma-enterprises.co.uk/house-clearance-bowness-on-windermere,0,14,0%,15.57
https://alma-enterprises.co.uk/services/commercial-clearance/lindale/,0,14,0%,21.29
https://alma-enterprises.co.uk/gosforth/,0,14,0%,23.21
https://alma-enterprises.co.uk/services/probate-clearance/ca10/,0,14,0%,92.14
https://alma-enterprises.co.uk/services/commercial-clearance/silloth/,0,13,0%,3.08
https://alma-enterprises.co.uk/thornhill/,0,13,0%,12.46
https://alma-enterprises.co.uk/services/hoarder-clearance/haverigg,0,13,0%,23.92
https://alma-enterprises.co.uk/services/probate-clearance/cumbria/,0,13,0%,31.62
https://alma-enterprises.co.uk/services/commercial-clearance/penrith/,0,13,0%,83.15
https://alma-enterprises.co.uk/services/house-clearance/askam-in-furness,0,12,0%,3.25
https://alma-enterprises.co.uk/services/garage-clearance/swarthmoor,0,12,0%,6.25
https://alma-enterprises.co.uk/services/garage-clearance/thursby/,0,12,0%,9.08
https://alma-enterprises.co.uk/privacy-policy/,0,12,0%,10.92
https://alma-enterprises.co.uk/services/hoarder-clearance/grasmere/,0,12,0%,10.92
https://alma-enterprises.co.uk/services/house-clearance/ambleside,0,12,0%,11
https://alma-enterprises.co.uk/services/probate-clearance/carlisle/,0,12,0%,12.5
https://alma-enterprises.co.uk/services/hoarder-clearance/ulverston,0,12,0%,14.42
https://alma-enterprises.co.uk/services/house-clearance/penrith,0,12,0%,14.67
https://alma-enterprises.co.uk/services/probate-clearance/morecambe,0,12,0%,24.42
https://alma-enterprises.co.uk/kirkby-lonsdale/,0,12,0%,25.5
https://alma-enterprises.co.uk/services/commercial-clearance/dalton-in-furness/,0,12,0%,25.58
https://alma-enterprises.co.uk/services/hoarder-clearance/cumbria/,0,12,0%,53.67
https://alma-enterprises.co.uk/services/hoarder-clearance/sedbergh/,0,12,0%,71.83
https://alma-enterprises.co.uk/services/house-clearance/ulverston,0,11,0%,7.45
https://alma-enterprises.co.uk/services/house-clearance/maryport/,0,11,0%,9.27
https://alma-enterprises.co.uk/house-clearance-grange-over-sands,0,11,0%,9.91
https://alma-enterprises.co.uk/services/house-clearance/cockermouth/,0,11,0%,10
https://alma-enterprises.co.uk/services/house-clearance/lindale/,0,11,0%,17.27
https://alma-enterprises.co.uk/lancaster/,0,11,0%,35.36
https://alma-enterprises.co.uk/services/house-clearance/kendal/,0,10,0%,5.6
https://alma-enterprises.co.uk/services/garage-clearance/lancaster/,0,10,0%,6.1
https://alma-enterprises.co.uk/services/house-clearance/whitehaven,0,10,0%,9.6
https://alma-enterprises.co.uk/services/hoarder-clearance/bowness-on-windermere/,0,10,0%,13.1
https://alma-enterprises.co.uk/garage-clearance-carlisle,0,10,0%,14.7
https://alma-enterprises.co.uk/services/hoarder-clearance/bowness-on-windermere,0,10,0%,19.8
https://alma-enterprises.co.uk/services/loft-clearance/carlisle/,0,10,0%,37.5
https://alma-enterprises.co.uk/services/bereavement-clearance/warwick-bridge/,0,9,0%,9
https://alma-enterprises.co.uk/services/hoarder-clearance/workington,0,9,0%,9.11
https://alma-enterprises.co.uk/services/garage-clearance/barrow-in-furness,0,9,0%,15.56
https://alma-enterprises.co.uk/services/loft-clearance/grasmere/,0,9,0%,26.11
https://alma-enterprises.co.uk/services/house-clearance/carlisle/,0,9,0%,28.11
https://alma-enterprises.co.uk/services/probate-clearance/la13/,0,9,0%,33.78
https://alma-enterprises.co.uk/services/loft-clearance/alston/,0,9,0%,48.89
https://alma-enterprises.co.uk/services/hoarder-clearance/askam-in-furness/,0,9,0%,54.78
https://alma-enterprises.co.uk/services/hoarder-clearance/ca11/,0,9,0%,97.67
https://alma-enterprises.co.uk/house-clearance-dalton-in-furness,0,8,0%,7.38
https://alma-enterprises.co.uk/services/hoarder-clearance/maryport,0,8,0%,9.62
https://alma-enterprises.co.uk/services/end-of-tenancy-clearance/swarthmoor/,0,8,0%,10
https://alma-enterprises.co.uk/bereavement-clearance/,0,8,0%,16.38
https://alma-enterprises.co.uk/services/probate-clearance/barrow-in-furness,0,8,0%,16.75
https://alma-enterprises.co.uk/services/hoarder-clearance/cumbria,0,8,0%,26.25
https://alma-enterprises.co.uk/services/hoarder-clearance/morecambe,0,8,0%,30.5
https://alma-enterprises.co.uk/services/hoarder-clearance/la6,0,8,0%,31.25
https://alma-enterprises.co.uk/hoarder-clearance/,0,8,0%,33.62
https://alma-enterprises.co.uk/services/probate-clearance/dearham/,0,8,0%,50.25
https://alma-enterprises.co.uk/services/probate-clearance/broughton-moor/,0,8,0%,55.12
https://alma-enterprises.co.uk/services/hoarder-clearance/gosforth/,0,8,0%,55.38
https://alma-enterprises.co.uk/services/house-clearance/stainton/,0,8,0%,57.25
https://alma-enterprises.co.uk/house-clearance-stainburn,0,8,0%,61.25
https://alma-enterprises.co.uk/services/hoarder-clearance/ca18/,0,8,0%,84.62
https://alma-enterprises.co.uk/probate-house-clearance-millom,0,7,0%,12.71
https://alma-enterprises.co.uk/broughton-in-furness/,0,7,0%,13.14
https://alma-enterprises.co.uk/services/garage-clearance/cumbria/,0,7,0%,13.29
https://alma-enterprises.co.uk/services/hoarder-clearance/whitehaven/,0,7,0%,19.14
https://alma-enterprises.co.uk/services/probate-clearance/cockermouth/,0,7,0%,20
https://alma-enterprises.co.uk/services/garage-clearance/staveley/,0,7,0%,20.86
https://alma-enterprises.co.uk/services/commercial-clearance/parton/,0,7,0%,25.14
https://alma-enterprises.co.uk/garage-clearance/,0,7,0%,30.71
https://alma-enterprises.co.uk/services/loft-clearance/la2/,0,7,0%,31.57
https://alma-enterprises.co.uk/services/probate-clearance/ca13/,0,7,0%,59.29
https://alma-enterprises.co.uk/services/probate-clearance/swarthmoor,0,7,0%,63.57
https://alma-enterprises.co.uk/services/hoarder-clearance/brigham/,0,7,0%,66.14
https://alma-enterprises.co.uk/services/hoarder-clearance/silloth/,0,7,0%,69
https://alma-enterprises.co.uk/services/hoarder-clearance/ca15/,0,7,0%,95.14
https://alma-enterprises.co.uk/services/house-clearance/silloth,0,6,0%,4.67
https://alma-enterprises.co.uk/services/house-clearance/flookburgh/,0,6,0%,5.83
https://alma-enterprises.co.uk/services/probate-clearance/penrith/,0,6,0%,6.17
https://alma-enterprises.co.uk/services/garage-clearance/scotby/,0,6,0%,8
https://alma-enterprises.co.uk/services/house-clearance/morecambe,0,6,0%,8
https://alma-enterprises.co.uk/services/hoarder-clearance/swarthmoor,0,6,0%,15.17
https://alma-enterprises.co.uk/services/garage-clearance/whitehaven/,0,6,0%,18.17
https://alma-enterprises.co.uk/services/loft-clearance/ca12/,0,6,0%,19.67
https://alma-enterprises.co.uk/services/bereavement-clearance/warwick-bridge,0,6,0%,20.17
https://alma-enterprises.co.uk/garage-clearance-millom,0,6,0%,25.5
https://alma-enterprises.co.uk/services/house-clearance/warwick-bridge/,0,6,0%,26
https://alma-enterprises.co.uk/services/bereavement-clearance/barrow-in-furness,0,6,0%,26.5
https://alma-enterprises.co.uk/services/probate-clearance/maryport,0,6,0%,36.67
https://alma-enterprises.co.uk/services/probate-clearance/allithwaite/,0,6,0%,42.67
https://alma-enterprises.co.uk/services/probate-clearance/grasmere/,0,6,0%,45
https://alma-enterprises.co.uk/loft-clearance/,0,6,0%,52
https://alma-enterprises.co.uk/services/hoarder-clearance/dearham/,0,6,0%,53.33
https://alma-enterprises.co.uk/services/commercial-clearance/workington/,0,6,0%,56
https://alma-enterprises.co.uk/services/bereavement-clearance/carlisle/,0,6,0%,58.17
https://alma-enterprises.co.uk/services/house-clearance/little-broughton/,0,6,0%,62.83
https://alma-enterprises.co.uk/services/loft-clearance/ca25/,0,6,0%,65.83
https://alma-enterprises.co.uk/services/hoarder-clearance/ca1/,0,6,0%,82.67
https://alma-enterprises.co.uk/services/probate-clearance/thornhill,0,5,0%,2
https://alma-enterprises.co.uk/privacy-policy,0,5,0%,2.4
https://alma-enterprises.co.uk/house-clearance-burton-in-kendal,0,5,0%,3
https://alma-enterprises.co.uk/services/hoarder-clearance/wigton,0,5,0%,5.4
https://alma-enterprises.co.uk/services/garage-clearance/storth/,0,5,0%,6.2
https://alma-enterprises.co.uk/services/garage-clearance/bowness-on-windermere/,0,5,0%,10
https://alma-enterprises.co.uk/services/garage-clearance/dearham/,0,5,0%,12
https://alma-enterprises.co.uk/services/hoarder-clearance/cockermouth,0,5,0%,12.4
https://alma-enterprises.co.uk/services/probate-clearance/grange-over-sands/,0,5,0%,16
https://alma-enterprises.co.uk/carlisle/,0,5,0%,19.6
https://alma-enterprises.co.uk/services/loft-clearance/sedbergh/,0,5,0%,25.4
https://alma-enterprises.co.uk/services/loft-clearance/ca22/,0,5,0%,33.6
https://alma-enterprises.co.uk/services/garage-clearance/dalton-in-furness/,0,5,0%,33.8
https://alma-enterprises.co.uk/services/garage-clearance/aspatria/,0,5,0%,36.8
https://alma-enterprises.co.uk/services/hoarder-clearance/ca22/,0,5,0%,46.4
https://alma-enterprises.co.uk/services/probate-clearance/cleator-moor/,0,5,0%,69.6
https://alma-enterprises.co.uk/services/hoarder-clearance/alston/,0,5,0%,70.8
https://alma-enterprises.co.uk/services/hoarder-clearance/rheda-park/,0,5,0%,75
https://alma-enterprises.co.uk/services/hoarder-clearance/ca24/,0,5,0%,96
https://alma-enterprises.co.uk/services/hoarder-clearance/ca23/,0,5,0%,98
https://alma-enterprises.co.uk/attic-clearance-windermere,0,4,0%,1
https://alma-enterprises.co.uk/services/garage-clearance/keswick/,0,4,0%,2.5
https://alma-enterprises.co.uk/services/loft-clearance/burton-in-kendal/,0,4,0%,3.75
https://alma-enterprises.co.uk/services/hoarder-clearance/kirkby-lonsdale/,0,4,0%,8.75
https://alma-enterprises.co.uk/services/garage-clearance/beckermet/,0,4,0%,9
https://alma-enterprises.co.uk/services/hoarder-clearance/kirby-thore,0,4,0%,9.75
https://alma-enterprises.co.uk/askam-in-furness/,0,4,0%,10.25
https://alma-enterprises.co.uk/services/end-of-tenancy-clearance/askam-in-furness/,0,4,0%,11
https://alma-enterprises.co.uk/services/garage-clearance/broughton-in-furness/,0,4,0%,11
https://alma-enterprises.co.uk/grasmere/,0,4,0%,11.75
https://alma-enterprises.co.uk/services/garage-clearance/dalton-in-furness,0,4,0%,14.5
https://alma-enterprises.co.uk/services/hoarder-clearance/thornhill,0,4,0%,15.75
https://alma-enterprises.co.uk/services/hoarder-clearance/dalton-in-furness,0,4,0%,17.5
https://alma-enterprises.co.uk/services/house-clearance/alston/,0,4,0%,22.25
https://alma-enterprises.co.uk/services/probate-clearance/ulverston/,0,4,0%,24.5
https://alma-enterprises.co.uk/attic-clearance-ulverston,0,4,0%,25.25
https://alma-enterprises.co.uk/services/hoarder-clearance/arnside/,0,4,0%,28
https://alma-enterprises.co.uk/services/loft-clearance/seascale/,0,4,0%,29.75
https://alma-enterprises.co.uk/services/bereavement-clearance/swarthmoor,0,4,0%,31.5
https://alma-enterprises.co.uk/services/hoarder-clearance/dalston,0,4,0%,31.75
https://alma-enterprises.co.uk/services/hoarder-clearance/penrith,0,4,0%,32.75
https://alma-enterprises.co.uk/services/commercial-clearance/whitehaven/,0,4,0%,36.25
https://alma-enterprises.co.uk/services/loft-clearance/haverigg/,0,4,0%,45.25
https://alma-enterprises.co.uk/services/loft-clearance/sandside/,0,4,0%,48.75
https://alma-enterprises.co.uk/services/probate-clearance/natland/,0,4,0%,59.5
https://alma-enterprises.co.uk/services/probate-clearance/maryport/,0,4,0%,61.5
https://alma-enterprises.co.uk/services/loft-clearance/millom/,0,4,0%,62.25
https://alma-enterprises.co.uk/services/hoarder-clearance/workington/,0,4,0%,63.25
https://alma-enterprises.co.uk/services/hoarder-clearance/brough/,0,4,0%,69.25
https://alma-enterprises.co.uk/services/probate-clearance/holme/,0,4,0%,70.75
https://alma-enterprises.co.uk/services/loft-clearance/morecambe/,0,4,0%,71.5
https://alma-enterprises.co.uk/services/hoarder-clearance/la14/,0,4,0%,76
https://alma-enterprises.co.uk/probate-house-clearance-windermere,0,3,0%,1
https://alma-enterprises.co.uk/services/house-clearance/la10/,0,3,0%,1
https://alma-enterprises.co.uk/services/hoarder-clearance/alston,0,3,0%,3
https://alma-enterprises.co.uk/services/house-clearance/longtown/,0,3,0%,4
https://alma-enterprises.co.uk/services/bereavement-clearance/cumbria,0,3,0%,4.67
https://alma-enterprises.co.uk/house-clearance-thornhill,0,3,0%,6.67
https://alma-enterprises.co.uk/services/commercial-clearance/cumberland/,0,3,0%,7
https://alma-enterprises.co.uk/services/house-clearance/alston,0,3,0%,7.33
https://alma-enterprises.co.uk/services/house-clearance/egremont,0,3,0%,7.33
https://alma-enterprises.co.uk/services/bereavement-clearance/kirkby-stephen,0,3,0%,8.67
https://alma-enterprises.co.uk/services/garage-clearance/brigham/,0,3,0%,8.67
https://alma-enterprises.co.uk/services/garage-clearance/oxenholme/,0,3,0%,8.67
https://alma-enterprises.co.uk/services/garage-clearance/morecambe/,0,3,0%,9
https://alma-enterprises.co.uk/services/garage-clearance/allithwaite/,0,3,0%,9.67
https://alma-enterprises.co.uk/services/garage-clearance/moresby-parks/,0,3,0%,9.67
https://alma-enterprises.co.uk/services/garage-clearance/stainburn/,0,3,0%,10.67
https://alma-enterprises.co.uk/services/house-clearance/brough/,0,3,0%,10.67
https://alma-enterprises.co.uk/services/house-clearance/penrith/,0,3,0%,10.67
https://alma-enterprises.co.uk/services/house-clearance/long-marton/,0,3,0%,11
https://alma-enterprises.co.uk/coniston/,0,3,0%,12
https://alma-enterprises.co.uk/services/hoarder-clearance/,0,3,0%,15.33
https://alma-enterprises.co.uk/services/probate-clearance/wigton,0,3,0%,15.33
https://alma-enterprises.co.uk/services/hoarder-clearance/burton-in-kendal,0,3,0%,17.33
https://alma-enterprises.co.uk/services/probate-clearance/alston,0,3,0%,17.67
https://alma-enterprises.co.uk/windermere/,0,3,0%,21.33
https://alma-enterprises.co.uk/services/bereavement-clearance/silloth,0,3,0%,22
https://alma-enterprises.co.uk/services/probate-clearance/long-marton/,0,3,0%,22
https://alma-enterprises.co.uk/services/hoarder-clearance/crosby/,0,3,0%,28
https://alma-enterprises.co.uk/services/hoarder-clearance/kirby-thore/,0,3,0%,30
https://alma-enterprises.co.uk/little-broughton/,0,3,0%,31
https://alma-enterprises.co.uk/services/hoarder-clearance/la21/,0,3,0%,31
https://alma-enterprises.co.uk/services/house-clearance/la18/,0,3,0%,33.33
https://alma-enterprises.co.uk/millom/,0,3,0%,36
https://alma-enterprises.co.uk/services/house-clearance/oxenholme/,0,3,0%,36.67
https://alma-enterprises.co.uk/dalston/,0,3,0%,45.33
https://alma-enterprises.co.uk/services/commercial-clearance/gosforth/,0,3,0%,55
https://alma-enterprises.co.uk/services/hoarder-clearance/la4/,0,3,0%,56.67
https://alma-enterprises.co.uk/services/probate-clearance/greystoke/,0,3,0%,57.67
https://alma-enterprises.co.uk/services/loft-clearance/maryport/,0,3,0%,64
https://alma-enterprises.co.uk/services/hoarder-clearance/la11/,0,3,0%,68.33
https://alma-enterprises.co.uk/services/hoarder-clearance/ulverston/,0,3,0%,70.67
https://alma-enterprises.co.uk/services/loft-clearance/stainburn/,0,3,0%,72.67
https://alma-enterprises.co.uk/services/hoarder-clearance/beckermet/,0,3,0%,75.33
https://alma-enterprises.co.uk/services/loft-clearance/workington/,0,3,0%,77
https://alma-enterprises.co.uk/services/hoarder-clearance/la6/,0,3,0%,77.67
https://alma-enterprises.co.uk/services/hoarder-clearance/houghton/,0,3,0%,86.33
https://alma-enterprises.co.uk/services/attic-clearance/ca20,0,3,0%,87
https://alma-enterprises.co.uk/services/hoarder-clearance/cockermouth/,0,2,0%,1
https://alma-enterprises.co.uk/services/house-clearance/la17/,0,2,0%,1
https://alma-enterprises.co.uk/ulverston/,0,2,0%,1
https://alma-enterprises.co.uk/services/hoarder-clearance/carlisle,0,2,0%,1.5
https://alma-enterprises.co.uk/services/bereavement-clearance/whitehaven/,0,2,0%,2
https://alma-enterprises.co.uk/services/hoarder-clearance/barrow-in-furness,0,2,0%,2
https://alma-enterprises.co.uk/services/bereavement-clearance/cumbria/,0,2,0%,3
https://alma-enterprises.co.uk/services/end-of-tenancy-clearance/barrow-in-furness/,0,2,0%,3.5
https://alma-enterprises.co.uk/services/house-clearance/kirby-thore/,0,2,0%,4.5
https://alma-enterprises.co.uk/services/house-clearance/milnthorpe/,0,2,0%,4.5
https://alma-enterprises.co.uk/services/house-clearance/dearham/,0,2,0%,5
https://alma-enterprises.co.uk/services/bereavement-clearance/lindale/,0,2,0%,6
https://alma-enterprises.co.uk/services/commercial-clearance/egremont/,0,2,0%,6
https://alma-enterprises.co.uk/services/commercial-clearance/beckermet/,0,2,0%,6.5
https://alma-enterprises.co.uk/services/garage-clearance/burneside,0,2,0%,6.5
https://alma-enterprises.co.uk/services/hoarder-clearance/swarthmoor/,0,2,0%,6.5
https://alma-enterprises.co.uk/services/hoarder-clearance/seascale/,0,2,0%,7
https://alma-enterprises.co.uk/attic-clearance-seascale,0,2,0%,7.5
https://alma-enterprises.co.uk/services/commercial-clearance/barrow-in-furness/,0,2,0%,7.5
https://alma-enterprises.co.uk/services/loft-clearance/dalton-in-furness/,0,2,0%,7.5
https://alma-enterprises.co.uk/services/garage-clearance/frizington/,0,2,0%,8
https://alma-enterprises.co.uk/services/hoarder-clearance/parton/,0,2,0%,8
https://alma-enterprises.co.uk/services/house-clearance/greystoke/,0,2,0%,8
https://alma-enterprises.co.uk/services/probate-clearance/kirkby-lonsdale/,0,2,0%,8
https://alma-enterprises.co.uk/services/garage-clearance/distington/,0,2,0%,8.5
https://alma-enterprises.co.uk/services/probate-clearance/ca26/,0,2,0%,8.5
https://alma-enterprises.co.uk/services/garage-clearance/ca7/,0,2,0%,9
https://alma-enterprises.co.uk/services/hoarder-clearance/ambleside/,0,2,0%,9
https://alma-enterprises.co.uk/hoarder-house-clearance-swarthmoor,0,2,0%,9.5
https://alma-enterprises.co.uk/services/garage-clearance/sandside/,0,2,0%,9.5
https://alma-enterprises.co.uk/services/garage-clearance/warwick-bridge/,0,2,0%,9.5
https://alma-enterprises.co.uk/services/commercial-clearance/kendal/,0,2,0%,10
https://alma-enterprises.co.uk/services/garage-clearance/moor-row/,0,2,0%,10
https://alma-enterprises.co.uk/services/garage-clearance/broughton-moor/,0,2,0%,10.5
https://alma-enterprises.co.uk/services/garage-clearance/endmoor/,0,2,0%,10.5
https://alma-enterprises.co.uk/services/garage-clearance/kirkby-lonsdale/,0,2,0%,10.5
https://alma-enterprises.co.uk/services/hoarder-clearance/kirkby-in-furness,0,2,0%,10.5
https://alma-enterprises.co.uk/services/house-clearance/appleby-in-westmorland/,0,2,0%,10.5
https://alma-enterprises.co.uk/services/attic-clearance/penrith,0,2,0%,11
https://alma-enterprises.co.uk/house-clearance-barrow-in-furness,0,2,0%,12
https://alma-enterprises.co.uk/services/house-clearance/keswick/,0,2,0%,12
https://alma-enterprises.co.uk/services/garage-clearance/st-bees/,0,2,0%,12.5
https://alma-enterprises.co.uk/probate-house-clearance-lancaster,0,2,0%,15.5
https://alma-enterprises.co.uk/services/probate-clearance/egremont,0,2,0%,17.5
https://alma-enterprises.co.uk/ambleside/,0,2,0%,18
https://alma-enterprises.co.uk/services/house-clearance/thornhill,0,2,0%,18.5
https://alma-enterprises.co.uk/services/hoarder-clearance/dalton-in-furness/,0,2,0%,19
https://alma-enterprises.co.uk/services/probate-clearance/warwick-bridge,0,2,0%,20
https://alma-enterprises.co.uk/services/garage-clearance/appleby-in-westmorland,0,2,0%,23
https://alma-enterprises.co.uk/garage-clearance-cumberland,0,2,0%,23.5
https://alma-enterprises.co.uk/services/garage-clearance/alston,0,2,0%,25
https://alma-enterprises.co.uk/services/probate-clearance/great-clifton,0,2,0%,29.5
https://alma-enterprises.co.uk/services/garage-clearance/windermere,0,2,0%,32
https://alma-enterprises.co.uk/services/probate-clearance/la10,0,2,0%,34.5
https://alma-enterprises.co.uk/services/probate-clearance/la1/,0,2,0%,36
https://alma-enterprises.co.uk/services/loft-clearance/kendal/,0,2,0%,37.5
https://alma-enterprises.co.uk/services/hoarder-clearance/la1/,0,2,0%,39.5
https://alma-enterprises.co.uk/services/hoarder-clearance/warwick-bridge/,0,2,0%,40.5
https://alma-enterprises.co.uk/services/hoarder-clearance/ca25/,0,2,0%,42.5
https://alma-enterprises.co.uk/services/probate-clearance/wigton/,0,2,0%,42.5
https://alma-enterprises.co.uk/services/probate-clearance/ca3,0,2,0%,43
https://alma-enterprises.co.uk/services/probate-clearance/la14,0,2,0%,44.5
https://alma-enterprises.co.uk/commercial-clearance/,0,2,0%,45
https://alma-enterprises.co.uk/bereavement-house-clearance-long-marton,0,2,0%,46
https://alma-enterprises.co.uk/services/garage-clearance/parton/,0,2,0%,48.5
https://alma-enterprises.co.uk/services/loft-clearance/cargo/,0,2,0%,49.5
https://alma-enterprises.co.uk/services/loft-clearance/ambleside/,0,2,0%,52.5
https://alma-enterprises.co.uk/stainton/,0,2,0%,62.5
https://alma-enterprises.co.uk/services/loft-clearance/little-broughton/,0,2,0%,66
https://alma-enterprises.co.uk/services/probate-clearance/la16/,0,2,0%,72.5
https://alma-enterprises.co.uk/services/loft-clearance/penrith/,0,2,0%,75
https://alma-enterprises.co.uk/services/hoarder-clearance/flimby/,0,2,0%,80
https://alma-enterprises.co.uk/services/hoarder-clearance/frizington/,0,2,0%,80
https://alma-enterprises.co.uk/services/loft-clearance/long-marton/,0,2,0%,87
https://alma-enterprises.co.uk/services/hoarder-clearance/keswick/,0,2,0%,98.5
https://alma-enterprises.co.uk/services/bereavement-clearance/barrow-in-furness/,0,1,0%,1
https://alma-enterprises.co.uk/services/bereavement-clearance/ca17,0,1,0%,1
https://alma-enterprises.co.uk/services/bereavement-clearance/cleator-moor/,0,1,0%,1
https://alma-enterprises.co.uk/services/bereavement-clearance/staveley/,0,1,0%,1
https://alma-enterprises.co.uk/services/bereavement-clearance/workington/,0,1,0%,1
https://alma-enterprises.co.uk/services/commercial-clearance/ca22/,0,1,0%,1
https://alma-enterprises.co.uk/services/commercial-clearance/ca23/,0,1,0%,1
https://alma-enterprises.co.uk/services/commercial-clearance/ca26/,0,1,0%,1
https://alma-enterprises.co.uk/services/garage-clearance/grange-over-sands,0,1,0%,1
https://alma-enterprises.co.uk/services/garage-clearance/milnthorpe/,0,1,0%,1
https://alma-enterprises.co.uk/services/hoarder-clearance/barrow-in-furness/,0,1,0%,1
https://alma-enterprises.co.uk/services/hoarder-clearance/penrith/,0,1,0%,1
https://alma-enterprises.co.uk/services/house-clearance/ca22/,0,1,0%,1
https://alma-enterprises.co.uk/services/house-clearance/gosforth,0,1,0%,1
https://alma-enterprises.co.uk/services/loft-clearance/ca10/,0,1,0%,1
https://alma-enterprises.co.uk/services/loft-clearance/endmoor/,0,1,0%,1
https://alma-enterprises.co.uk/services/probate-clearance/grange-over-sands,0,1,0%,1
https://alma-enterprises.co.uk/house-clearance-kirkby-in-furness,0,1,0%,2
https://alma-enterprises.co.uk/probate-house-clearance-seascale,0,1,0%,2
https://alma-enterprises.co.uk/services/attic-clearance/dalston,0,1,0%,2
https://alma-enterprises.co.uk/services/commercial-clearance/la13/,0,1,0%,2
https://alma-enterprises.co.uk/services/garage-clearance/cockermouth,0,1,0%,2
https://alma-enterprises.co.uk/services/garage-clearance/endmoor,0,1,0%,2
https://alma-enterprises.co.uk/services/house-clearance/broughton-moor/,0,1,0%,2
https://alma-enterprises.co.uk/services/probate-clearance/ca17,0,1,0%,2
https://alma-enterprises.co.uk/services/probate-clearance/stainburn/,0,1,0%,2
https://alma-enterprises.co.uk/services/attic-clearance/great-broughton/,0,1,0%,3
https://alma-enterprises.co.uk/services/commercial-clearance/ca5/,0,1,0%,3
https://alma-enterprises.co.uk/services/commercial-clearance/crosby/,0,1,0%,3
https://alma-enterprises.co.uk/services/commercial-clearance/maryport/,0,1,0%,3
https://alma-enterprises.co.uk/services/commercial-clearance/rheda-park/,0,1,0%,3
https://alma-enterprises.co.uk/services/garage-clearance/dalston/,0,1,0%,3
https://alma-enterprises.co.uk/services/garage-clearance/flookburgh/,0,1,0%,3
https://alma-enterprises.co.uk/services/garage-clearance/little-broughton,0,1,0%,3
https://alma-enterprises.co.uk/services/house-clearance/moresby-parks,0,1,0%,3
https://alma-enterprises.co.uk/services/house-clearance/seascale,0,1,0%,3
https://alma-enterprises.co.uk/services/loft-clearance/cleator-moor/,0,1,0%,3
https://alma-enterprises.co.uk/services/probate-clearance/kendal/,0,1,0%,3
https://alma-enterprises.co.uk/services/probate-clearance/millom/,0,1,0%,3
https://alma-enterprises.co.uk/swarthmoor/,0,1,0%,3
https://alma-enterprises.co.uk/whitehaven/,0,1,0%,3
https://alma-enterprises.co.uk/services/end-of-tenancy-clearance/flimby/,0,1,0%,4
https://alma-enterprises.co.uk/services/garage-clearance/carnforth/,0,1,0%,4
https://alma-enterprises.co.uk/services/garage-clearance/great-broughton,0,1,0%,4
https://alma-enterprises.co.uk/services/garage-clearance/la21/,0,1,0%,4
https://alma-enterprises.co.uk/services/house-clearance/cargo/,0,1,0%,4
https://alma-enterprises.co.uk/services/house-clearance/sedbergh,0,1,0%,4
https://alma-enterprises.co.uk/services/probate-clearance/brough/,0,1,0%,4
https://alma-enterprises.co.uk/hoarder-house-clearance-flookburgh,0,1,0%,5
https://alma-enterprises.co.uk/house-clearance-burgh-by-sands,0,1,0%,5
https://alma-enterprises.co.uk/services/bereavement-clearance/distington,0,1,0%,5
https://alma-enterprises.co.uk/services/bereavement-clearance/millom,0,1,0%,5
https://alma-enterprises.co.uk/services/garage-clearance/great-clifton/,0,1,0%,5
https://alma-enterprises.co.uk/services/garage-clearance/la3/,0,1,0%,5
https://alma-enterprises.co.uk/services/garage-clearance/little-broughton/,0,1,0%,5
https://alma-enterprises.co.uk/services/house-clearance/bowness-on-windermere,0,1,0%,5
https://alma-enterprises.co.uk/services/house-clearance/kirkby-lonsdale/,0,1,0%,5
https://alma-enterprises.co.uk/services/loft-clearance/la13/,0,1,0%,5
https://alma-enterprises.co.uk/services/probate-clearance/la3/,0,1,0%,5
https://alma-enterprises.co.uk/cookie-policy/,0,1,0%,6
https://alma-enterprises.co.uk/services/garage-clearance/broughton-in-furness,0,1,0%,6
https://alma-enterprises.co.uk/services/garage-clearance/lowca/,0,1,0%,6
https://alma-enterprises.co.uk/services/hoarder-clearance/flookburgh/,0,1,0%,6
https://alma-enterprises.co.uk/services/hoarder-clearance/keswick,0,1,0%,6
https://alma-enterprises.co.uk/services/house-clearance/ca26,0,1,0%,6
https://alma-enterprises.co.uk/services/house-clearance/workington/,0,1,0%,6
https://alma-enterprises.co.uk/services/loft-clearance/holme/,0,1,0%,6
https://alma-enterprises.co.uk/services/bereavement-clearance/cargo/,0,1,0%,7
https://alma-enterprises.co.uk/services/bereavement-clearance/grange-over-sands,0,1,0%,7
https://alma-enterprises.co.uk/services/end-of-tenancy-clearance/aspatria/,0,1,0%,7
https://alma-enterprises.co.uk/services/garage-clearance/arlecdon/,0,1,0%,7
https://alma-enterprises.co.uk/services/garage-clearance/great-broughton/,0,1,0%,7
https://alma-enterprises.co.uk/services/garage-clearance/langwathby,0,1,0%,7
https://alma-enterprises.co.uk/services/garage-clearance/rheda-park/,0,1,0%,7
https://alma-enterprises.co.uk/services/hoarder-clearance/maryport/,0,1,0%,7
https://alma-enterprises.co.uk/services/loft-clearance/gosforth/,0,1,0%,7
https://alma-enterprises.co.uk/bereavement-house-clearance-la10,0,1,0%,8
https://alma-enterprises.co.uk/services/attic-clearance/kirkby-stephen,0,1,0%,8
https://alma-enterprises.co.uk/services/bereavement-clearance/la21/,0,1,0%,8
https://alma-enterprises.co.uk/services/commercial-clearance/la19/,0,1,0%,8
https://alma-enterprises.co.uk/services/end-of-tenancy-clearance/ca24/,0,1,0%,8
https://alma-enterprises.co.uk/services/garage-clearance/burneside/,0,1,0%,8
https://alma-enterprises.co.uk/services/probate-clearance/cargo,0,1,0%,8
https://alma-enterprises.co.uk/services/probate-clearance/great-broughton,0,1,0%,8
https://alma-enterprises.co.uk/services/probate-clearance/stainton/,0,1,0%,8
https://alma-enterprises.co.uk/services/probate-clearance/staveley/,0,1,0%,8
https://alma-enterprises.co.uk/garage-clearance-storth,0,1,0%,9
https://alma-enterprises.co.uk/services/attic-clearance/kirby-thore/,0,1,0%,9
https://alma-enterprises.co.uk/services/bereavement-clearance/allithwaite/,0,1,0%,9
https://alma-enterprises.co.uk/services/bereavement-clearance/cleator-moor,0,1,0%,9
https://alma-enterprises.co.uk/services/commercial-clearance/ca6/,0,1,0%,9
https://alma-enterprises.co.uk/services/commercial-clearance/dalston/,0,1,0%,9
https://alma-enterprises.co.uk/services/commercial-clearance/scotby/,0,1,0%,9
https://alma-enterprises.co.uk/services/end-of-tenancy-clearance/workington/,0,1,0%,9
https://alma-enterprises.co.uk/services/garage-clearance/broughton-moor,0,1,0%,9
https://alma-enterprises.co.uk/services/garage-clearance/lancaster,0,1,0%,9
https://alma-enterprises.co.uk/services/garage-clearance/penrith/,0,1,0%,9
https://alma-enterprises.co.uk/services/hoarder-clearance/la13,0,1,0%,9
https://alma-enterprises.co.uk/services/house-clearance/cleator-moor,0,1,0%,9
https://alma-enterprises.co.uk/services/house-clearance/cumberland/,0,1,0%,9
https://alma-enterprises.co.uk/services/house-clearance/levens,0,1,0%,9
https://alma-enterprises.co.uk/services/loft-clearance/thursby/,0,1,0%,9
https://alma-enterprises.co.uk/services/probate-clearance/aspatria/,0,1,0%,9
https://alma-enterprises.co.uk/wetheral/,0,1,0%,9
https://alma-enterprises.co.uk/dalton-in-furness/,0,1,0%,10
https://alma-enterprises.co.uk/hoarder-house-clearance-la23,0,1,0%,10
https://alma-enterprises.co.uk/house-clearance-ca22,0,1,0%,10
https://alma-enterprises.co.uk/services/commercial-clearance/bowness-on-windermere/,0,1,0%,10
https://alma-enterprises.co.uk/services/commercial-clearance/windermere/,0,1,0%,10
https://alma-enterprises.co.uk/services/garage-clearance/burgh-by-sands,0,1,0%,10
https://alma-enterprises.co.uk/services/hoarder-clearance/beckermet,0,1,0%,10
https://alma-enterprises.co.uk/services/hoarder-clearance/hayton/,0,1,0%,10
https://alma-enterprises.co.uk/services/hoarder-clearance/la7/,0,1,0%,10
https://alma-enterprises.co.uk/services/house-clearance/barrow-in-furness,0,1,0%,10
https://alma-enterprises.co.uk/services/house-clearance/grange-over-sands,0,1,0%,10
https://alma-enterprises.co.uk/services/probate-clearance/broughton-in-furness,0,1,0%,10
https://alma-enterprises.co.uk/services/probate-clearance/ca16/,0,1,0%,10
https://alma-enterprises.co.uk/services/probate-clearance/ca20/,0,1,0%,10
https://alma-enterprises.co.uk/services/probate-clearance/ca25/,0,1,0%,10
https://alma-enterprises.co.uk/services/probate-clearance/la15/,0,1,0%,10
https://alma-enterprises.co.uk/services/probate-clearance/thursby/,0,1,0%,10
https://alma-enterprises.co.uk/dearham/,0,1,0%,11
https://alma-enterprises.co.uk/house-clearance-ca13,0,1,0%,11
https://alma-enterprises.co.uk/probate-house-clearance-cumberland,0,1,0%,11
https://alma-enterprises.co.uk/services/bereavement-clearance/kirkby-stephen/,0,1,0%,11
https://alma-enterprises.co.uk/services/garage-clearance/haverigg,0,1,0%,11
https://alma-enterprises.co.uk/services/garage-clearance/la9/,0,1,0%,11
https://alma-enterprises.co.uk/services/hoarder-clearance/coniston,0,1,0%,11
https://alma-enterprises.co.uk/services/hoarder-clearance/la15/,0,1,0%,11
https://alma-enterprises.co.uk/services/house-clearance/ca26/,0,1,0%,11
https://alma-enterprises.co.uk/services/loft-clearance/cumbria/,0,1,0%,11
https://alma-enterprises.co.uk/services/loft-clearance/scotby/,0,1,0%,11
https://alma-enterprises.co.uk/services/probate-clearance/la2,0,1,0%,11
https://alma-enterprises.co.uk/services/bereavement-clearance/haverigg,0,1,0%,12
https://alma-enterprises.co.uk/services/commercial-clearance/cumwhinton/,0,1,0%,12
https://alma-enterprises.co.uk/services/commercial-clearance/endmoor/,0,1,0%,12
https://alma-enterprises.co.uk/services/garage-clearance/burton-in-kendal/,0,1,0%,12
https://alma-enterprises.co.uk/services/house-clearance/brampton,0,1,0%,12
https://alma-enterprises.co.uk/services/house-clearance/brampton/,0,1,0%,12
https://alma-enterprises.co.uk/services/house-clearance/crosby/,0,1,0%,12
https://alma-enterprises.co.uk/services/house-clearance/dalston,0,1,0%,12
https://alma-enterprises.co.uk/services/house-clearance/rheda-park/,0,1,0%,12
https://alma-enterprises.co.uk/services/loft-clearance/wigton/,0,1,0%,12
https://alma-enterprises.co.uk/services/probate-clearance/flookburgh,0,1,0%,12
https://alma-enterprises.co.uk/services/commercial-clearance/kirby-thore/,0,1,0%,13
https://alma-enterprises.co.uk/services/commercial-clearance/seaton/,0,1,0%,13
https://alma-enterprises.co.uk/services/end-of-tenancy-clearance/natland/,0,1,0%,13
https://alma-enterprises.co.uk/services/hoarder-clearance/scotby,0,1,0%,13
https://alma-enterprises.co.uk/cockermouth/,0,1,0%,14
https://alma-enterprises.co.uk/services/garage-clearance/langwathby/,0,1,0%,14
https://alma-enterprises.co.uk/services/garage-clearance/gosforth/,0,1,0%,15
https://alma-enterprises.co.uk/services/hoarder-clearance/millom/,0,1,0%,15
https://alma-enterprises.co.uk/services/house-clearance/burton-in-kendal/,0,1,0%,15
https://alma-enterprises.co.uk/services/commercial-clearance/warwick-bridge/,0,1,0%,16
https://alma-enterprises.co.uk/house-clearance-seaton,0,1,0%,18
https://alma-enterprises.co.uk/services/hoarder-clearance/st-bees,0,1,0%,18
https://alma-enterprises.co.uk/services/hoarder-clearance/st-bees/,0,1,0%,18
https://alma-enterprises.co.uk/services/bereavement-clearance/grange-over-sands/,0,1,0%,20
https://alma-enterprises.co.uk/services/bereavement-clearance/millom/,0,1,0%,20
https://alma-enterprises.co.uk/services/garage-clearance/longtown/,0,1,0%,21
https://alma-enterprises.co.uk/cumbria/,0,1,0%,22
https://alma-enterprises.co.uk/services/house-clearance/scotby,0,1,0%,22
https://alma-enterprises.co.uk/house-clearance-carlisle,0,1,0%,25
https://alma-enterprises.co.uk/services/attic-clearance/wigton,0,1,0%,25
https://alma-enterprises.co.uk/services/hoarder-clearance/askam-in-furness,0,1,0%,25
https://alma-enterprises.co.uk/services/probate-clearance/haverigg,0,1,0%,25
https://alma-enterprises.co.uk/services/probate-clearance/askam-in-furness/,0,1,0%,26
https://alma-enterprises.co.uk/services/hoarder-clearance/ca17/,0,1,0%,31
https://alma-enterprises.co.uk/services/house-clearance/broughton-moor,0,1,0%,31
https://alma-enterprises.co.uk/services/hoarder-clearance/cumberland/,0,1,0%,32
https://alma-enterprises.co.uk/garage-clearance-egremont,0,1,0%,33
https://alma-enterprises.co.uk/garage-clearance-high-harrington,0,1,0%,35
https://alma-enterprises.co.uk/services/hoarder-clearance/cumberland,0,1,0%,35
https://alma-enterprises.co.uk/services/hoarder-clearance/stainburn,0,1,0%,36
https://alma-enterprises.co.uk/services/hoarder-clearance/stainton,0,1,0%,36
https://alma-enterprises.co.uk/services/commercial-clearance/burgh-by-sands/,0,1,0%,42
https://alma-enterprises.co.uk/services/hoarder-clearance/great-broughton,0,1,0%,43
https://alma-enterprises.co.uk/grange-over-sands/,0,1,0%,44
https://alma-enterprises.co.uk/services/probate-clearance/gosforth,0,1,0%,48
https://alma-enterprises.co.uk/services/commercial-clearance/alston/,0,1,0%,49
https://alma-enterprises.co.uk/services/probate-clearance/appleby-in-westmorland,0,1,0%,50
https://alma-enterprises.co.uk/services/loft-clearance/dalston/,0,1,0%,56
https://alma-enterprises.co.uk/services/house-clearance/cumbria,0,1,0%,57
https://alma-enterprises.co.uk/services/attic-clearance/staveley,0,1,0%,60
https://alma-enterprises.co.uk/houghton/,0,1,0%,63
https://alma-enterprises.co.uk/services/loft-clearance/oxenholme/,0,1,0%,68
https://alma-enterprises.co.uk/services/hoarder-clearance/ca28/,0,1,0%,69
https://alma-enterprises.co.uk/services/hoarder-clearance/staveley/,0,1,0%,76
https://alma-enterprises.co.uk/services/end-of-tenancy-clearance/milnthorpe/,0,1,0%,77
https://alma-enterprises.co.uk/services/hoarder-clearance/thursby/,0,1,0%,79
https://alma-enterprises.co.uk/services/loft-clearance/la5/,0,1,0%,79
https://alma-enterprises.co.uk/services/house-clearance/seaton/,0,1,0%,83
https://alma-enterprises.co.uk/services/loft-clearance/keswick/,0,1,0%,94
https://alma-enterprises.co.uk/services/loft-clearance/lazonby/,0,1,0%,94
https://alma-enterprises.co.uk/services/loft-clearance/ca20/,0,1,0%,96
https://alma-enterprises.co.uk/services/hoarder-clearance/la17/,0,1,0%,97
https://alma-enterprises.co.uk/services/hoarder-clearance/la8/,0,1,0%,98
https://alma-enterprises.co.uk/services/hoarder-clearance/seaton/,0,1,0%,100
https://alma-enterprises.co.uk/services/hoarder-clearance/stainburn/,0,1,0%,100